year,status,status_used,source,source_rows,rows,registrations,key,live_column,state,type,null_pct,distinct,coverage_pct_weighted
2010,built,F,discodata,165404,130255,12173065,make,Mk,mapped,TEXT,0.0,66,100.0
2010,built,F,discodata,165404,130255,12173065,model,Cn,mapped,MIXED,0.9,15077,98.2
2010,built,F,discodata,165404,130255,12173065,type_approval,T,mapped,MIXED,13.8,7058,79.5
2010,built,F,discodata,165404,130255,12173065,variant,Va,mapped,MIXED,4.7,22491,89.8
2010,built,F,discodata,165404,130255,12173065,version,Ve,mapped,MIXED,13.9,23585,77.2
2010,built,F,discodata,165404,130255,12173065,fuel,Ft,mapped,TEXT,2.9,15,99.8
2010,built,F,discodata,165404,130255,12173065,fuel_mode,Fm,mapped,TEXT,15.4,3,89.0
2010,built,F,discodata,165404,130255,12173065,displacement_cc,Ec (cm3),mapped,INTEGER,9.3,868,98.1
2010,built,F,discodata,165404,130255,12173065,power_kw,Ep (KW),empty,—,100.0,0,0.0
2010,built,F,discodata,165404,130255,12173065,co2_wltp,Ewltp (g/km),empty,—,100.0,0,0.0
2010,built,F,discodata,165404,130255,12173065,co2_nedc,E (g/km),mapped,INTEGER,2.2,367,99.9
2010,built,F,discodata,165404,130255,12173065,wheelbase_mm,W (mm),mapped,INTEGER,17.1,718,98.7
2010,built,F,discodata,165404,130255,12173065,mass_running_order_kg,M (kg),mapped,INTEGER,1.6,1818,100.0
2010,built,F,discodata,165404,130255,12173065,energy_wh_km,Z (Wh/km),mapped,INTEGER,100.0,3,0.0
2010,built,F,discodata,165404,130255,12173065,electric_range_km,,absent,—,100.0,0,0.0
2010,built,F,discodata,165404,130255,12173065,fuel_consumption_l_100km,Fc,empty,—,100.0,0,0.0
2010,built,F,discodata,165404,130255,12173065,year,Year,mapped,INTEGER,0.0,1,100.0
2011,built,F,discodata,141278,111860,11239878,make,Mk,mapped,TEXT,0.0,66,100.0
2011,built,F,discodata,141278,111860,11239878,model,Cn,mapped,MIXED,1.5,11392,99.9
2011,built,F,discodata,141278,111860,11239878,type_approval,T,mapped,MIXED,2.5,2578,98.5
2011,built,F,discodata,141278,111860,11239878,variant,Va,mapped,MIXED,2.7,13220,99.7
2011,built,F,discodata,141278,111860,11239878,version,Ve,mapped,MIXED,7.0,20351,96.2
2011,built,F,discodata,141278,111860,11239878,fuel,Ft,mapped,TEXT,0.0,18,100.0
2011,built,F,discodata,141278,111860,11239878,fuel_mode,Fm,mapped,TEXT,6.4,3,95.8
2011,built,F,discodata,141278,111860,11239878,displacement_cc,Ec (cm3),mapped,INTEGER,8.3,621,98.2
2011,built,F,discodata,141278,111860,11239878,power_kw,Ep (KW),mapped,INTEGER,47.7,276,71.2
2011,built,F,discodata,141278,111860,11239878,co2_wltp,Ewltp (g/km),empty,—,100.0,0,0.0
2011,built,F,discodata,141278,111860,11239878,co2_nedc,E (g/km),mapped,INTEGER,0.5,346,100.0
2011,built,F,discodata,141278,111860,11239878,wheelbase_mm,W (mm),mapped,INTEGER,2.5,1007,99.9
2011,built,F,discodata,141278,111860,11239878,mass_running_order_kg,M (kg),mapped,INTEGER,0.4,1794,100.0
2011,built,F,discodata,141278,111860,11239878,energy_wh_km,Z (Wh/km),mapped,INTEGER,100.0,10,0.0
2011,built,F,discodata,141278,111860,11239878,electric_range_km,,absent,—,100.0,0,0.0
2011,built,F,discodata,141278,111860,11239878,fuel_consumption_l_100km,Fc,empty,—,100.0,0,0.0
2011,built,F,discodata,141278,111860,11239878,year,Year,mapped,INTEGER,0.0,1,100.0
2012,built,F,discodata,126419,101617,10249546,make,Mk,mapped,TEXT,0.0,62,100.0
2012,built,F,discodata,126419,101617,10249546,model,Cn,mapped,MIXED,0.3,13809,100.0
2012,built,F,discodata,126419,101617,10249546,type_approval,T,mapped,MIXED,2.7,1546,99.9
2012,built,F,discodata,126419,101617,10249546,variant,Va,mapped,MIXED,2.9,8656,99.8
2012,built,F,discodata,126419,101617,10249546,version,Ve,mapped,MIXED,5.0,16596,99.0
2012,built,F,discodata,126419,101617,10249546,fuel,Ft,mapped,TEXT,0.0,19,100.0
2012,built,F,discodata,126419,101617,10249546,fuel_mode,Fm,mapped,TEXT,4.2,4,97.4
2012,built,F,discodata,126419,101617,10249546,displacement_cc,Ec (cm3),mapped,INTEGER,6.6,577,99.1
2012,built,F,discodata,126419,101617,10249546,power_kw,Ep (KW),mapped,INTEGER,35.6,279,75.0
2012,built,F,discodata,126419,101617,10249546,co2_wltp,Ewltp (g/km),empty,—,100.0,0,0.0
2012,built,F,discodata,126419,101617,10249546,co2_nedc,E (g/km),mapped,INTEGER,0.6,303,99.9
2012,built,F,discodata,126419,101617,10249546,wheelbase_mm,W (mm),mapped,INTEGER,1.5,513,100.0
2012,built,F,discodata,126419,101617,10249546,mass_running_order_kg,M (kg),mapped,INTEGER,0.4,1743,100.0
2012,built,F,discodata,126419,101617,10249546,energy_wh_km,Z (Wh/km),mapped,INTEGER,99.9,15,0.1
2012,built,F,discodata,126419,101617,10249546,electric_range_km,,absent,—,100.0,0,0.0
2012,built,F,discodata,126419,101617,10249546,fuel_consumption_l_100km,Fc,empty,—,100.0,0,0.0
2012,built,F,discodata,126419,101617,10249546,year,Year,mapped,INTEGER,0.0,1,100.0
2013,built,F,discodata,126272,105260,11316458,make,Mk,mapped,TEXT,0.0,68,100.0
2013,built,F,discodata,126272,105260,11316458,model,Cn,mapped,MIXED,0.3,12477,100.0
2013,built,F,discodata,126272,105260,11316458,type_approval,T,mapped,MIXED,1.4,2411,100.0
2013,built,F,discodata,126272,105260,11316458,variant,Va,mapped,MIXED,2.1,10536,100.0
2013,built,F,discodata,126272,105260,11316458,version,Ve,mapped,MIXED,4.7,22442,99.4
2013,built,F,discodata,126272,105260,11316458,fuel,Ft,mapped,TEXT,9.4,25,95.0
2013,built,F,discodata,126272,105260,11316458,fuel_mode,Fm,mapped,TEXT,12.5,3,93.6
2013,built,F,discodata,126272,105260,11316458,displacement_cc,Ec (cm3),mapped,INTEGER,2.7,665,99.7
2013,built,F,discodata,126272,105260,11316458,power_kw,Ep (KW),mapped,INTEGER,36.2,280,77.3
2013,built,F,discodata,126272,105260,11316458,co2_wltp,Ewltp (g/km),empty,—,100.0,0,0.0
2013,built,F,discodata,126272,105260,11316458,co2_nedc,E (g/km),mapped,INTEGER,0.6,318,100.0
2013,built,F,discodata,126272,105260,11316458,wheelbase_mm,W (mm),mapped,INTEGER,1.2,514,100.0
2013,built,F,discodata,126272,105260,11316458,mass_running_order_kg,M (kg),mapped,INTEGER,0.7,1787,100.0
2013,built,F,discodata,126272,105260,11316458,energy_wh_km,Z (Wh/km),mapped,INTEGER,99.9,28,0.3
2013,built,F,discodata,126272,105260,11316458,electric_range_km,,absent,—,100.0,0,0.0
2013,built,F,discodata,126272,105260,11316458,fuel_consumption_l_100km,Fc,empty,—,100.0,0,0.0
2013,built,F,discodata,126272,105260,11316458,year,Year,mapped,INTEGER,0.0,1,100.0
2014,built,F,discodata,120486,96344,12034206,make,Mk,mapped,TEXT,0.0,64,100.0
2014,built,F,discodata,120486,96344,12034206,model,Cn,mapped,MIXED,0.4,10195,100.0
2014,built,F,discodata,120486,96344,12034206,type_approval,T,mapped,MIXED,2.2,1803,100.0
2014,built,F,discodata,120486,96344,12034206,variant,Va,mapped,MIXED,1.8,10677,100.0
2014,built,F,discodata,120486,96344,12034206,version,Ve,mapped,MIXED,2.8,23170,99.6
2014,built,F,discodata,120486,96344,12034206,fuel,Ft,mapped,TEXT,0.1,25,100.0
2014,built,F,discodata,120486,96344,12034206,fuel_mode,Fm,mapped,TEXT,2.7,4,99.0
2014,built,F,discodata,120486,96344,12034206,displacement_cc,Ec (cm3),mapped,INTEGER,1.1,530,99.6
2014,built,F,discodata,120486,96344,12034206,power_kw,Ep (KW),mapped,INTEGER,33.0,292,75.2
2014,built,F,discodata,120486,96344,12034206,co2_wltp,Ewltp (g/km),empty,—,100.0,0,0.0
2014,built,F,discodata,120486,96344,12034206,co2_nedc,E (g/km),mapped,INTEGER,0.4,316,100.0
2014,built,F,discodata,120486,96344,12034206,wheelbase_mm,W (mm),mapped,INTEGER,0.6,505,100.0
2014,built,F,discodata,120486,96344,12034206,mass_running_order_kg,M (kg),mapped,INTEGER,0.2,1701,100.0
2014,built,F,discodata,120486,96344,12034206,energy_wh_km,Z (Wh/km),mapped,INTEGER,99.6,45,0.5
2014,built,F,discodata,120486,96344,12034206,electric_range_km,,absent,—,100.0,0,0.0
2014,built,F,discodata,120486,96344,12034206,fuel_consumption_l_100km,Fc,empty,—,100.0,0,0.0
2014,built,F,discodata,120486,96344,12034206,year,Year,mapped,INTEGER,0.0,1,100.0
2015,built,F,discodata,146029,110913,13255941,make,Mk,mapped,TEXT,0.0,62,100.0
2015,built,F,discodata,146029,110913,13255941,model,Cn,mapped,MIXED,0.2,11287,100.0
2015,built,F,discodata,146029,110913,13255941,type_approval,T,mapped,MIXED,1.1,1547,99.2
2015,built,F,discodata,146029,110913,13255941,variant,Va,mapped,MIXED,0.9,9919,100.0
2015,built,F,discodata,146029,110913,13255941,version,Ve,mapped,MIXED,1.9,22542,99.6
2015,built,F,discodata,146029,110913,13255941,fuel,Ft,mapped,TEXT,0.1,28,99.9
2015,built,F,discodata,146029,110913,13255941,fuel_mode,Fm,mapped,TEXT,0.0,7,100.0
2015,built,F,discodata,146029,110913,13255941,displacement_cc,Ec (cm3),mapped,INTEGER,0.6,426,99.6
2015,built,F,discodata,146029,110913,13255941,power_kw,Ep (KW),mapped,INTEGER,30.3,287,74.5
2015,built,F,discodata,146029,110913,13255941,co2_wltp,Ewltp (g/km),empty,—,100.0,0,0.0
2015,built,F,discodata,146029,110913,13255941,co2_nedc,E (g/km),mapped,INTEGER,0.3,307,100.0
2015,built,F,discodata,146029,110913,13255941,wheelbase_mm,W (mm),mapped,INTEGER,1.9,430,99.3
2015,built,F,discodata,146029,110913,13255941,mass_running_order_kg,M (kg),mapped,INTEGER,0.1,1764,100.0
2015,built,F,discodata,146029,110913,13255941,energy_wh_km,Z (Wh/km),mapped,INTEGER,99.2,62,0.9
2015,built,F,discodata,146029,110913,13255941,electric_range_km,,absent,—,100.0,0,0.0
2015,built,F,discodata,146029,110913,13255941,fuel_consumption_l_100km,Fc,empty,—,100.0,0,0.0
2015,built,F,discodata,146029,110913,13255941,year,Year,mapped,INTEGER,0.0,1,100.0
2016,built,F,discodata,145165,112401,13563888,make,Mk,mapped,TEXT,0.0,51,100.0
2016,built,F,discodata,145165,112401,13563888,model,Cn,mapped,MIXED,1.1,11476,100.0
2016,built,F,discodata,145165,112401,13563888,type_approval,T,mapped,MIXED,1.0,2670,100.0
2016,built,F,discodata,145165,112401,13563888,variant,Va,mapped,MIXED,4.9,8985,99.9
2016,built,F,discodata,145165,112401,13563888,version,Ve,mapped,MIXED,6.0,20796,99.8
2016,built,F,discodata,145165,112401,13563888,fuel,Ft,mapped,TEXT,0.2,20,99.7
2016,built,F,discodata,145165,112401,13563888,fuel_mode,Fm,mapped,TEXT,0.0,4,100.0
2016,built,F,discodata,145165,112401,13563888,displacement_cc,Ec (cm3),mapped,INTEGER,1.0,418,99.5
2016,built,F,discodata,145165,112401,13563888,power_kw,Ep (KW),mapped,INTEGER,28.7,324,74.0
2016,built,F,discodata,145165,112401,13563888,co2_wltp,Ewltp (g/km),empty,—,100.0,0,0.0
2016,built,F,discodata,145165,112401,13563888,co2_nedc,E (g/km),mapped,INTEGER,0.3,356,100.0
2016,built,F,discodata,145165,112401,13563888,wheelbase_mm,W (mm),mapped,INTEGER,5.3,467,99.8
2016,built,F,discodata,145165,112401,13563888,mass_running_order_kg,M (kg),mapped,INTEGER,0.1,1817,100.0
2016,built,F,discodata,145165,112401,13563888,energy_wh_km,Z (Wh/km),mapped,INTEGER,98.8,69,1.0
2016,built,F,discodata,145165,112401,13563888,electric_range_km,,absent,—,100.0,0,0.0
2016,built,F,discodata,145165,112401,13563888,fuel_consumption_l_100km,Fc,empty,—,100.0,0,0.0
2016,built,F,discodata,145165,112401,13563888,year,Year,mapped,INTEGER,0.0,1,100.0
2017,built,F,discodata,137182,112483,14501224,make,Mk,mapped,TEXT,0.0,54,100.0
2017,built,F,discodata,137182,112483,14501224,model,Cn,mapped,MIXED,0.2,11367,100.0
2017,built,F,discodata,137182,112483,14501224,type_approval,T,mapped,MIXED,0.6,1034,100.0
2017,built,F,discodata,137182,112483,14501224,variant,Va,mapped,MIXED,0.8,7115,100.0
2017,built,F,discodata,137182,112483,14501224,version,Ve,mapped,MIXED,1.8,21217,99.9
2017,built,F,discodata,137182,112483,14501224,fuel,Ft,mapped,TEXT,0.0,26,100.0
2017,built,F,discodata,137182,112483,14501224,fuel_mode,Fm,mapped,TEXT,0.0,4,100.0
2017,built,F,discodata,137182,112483,14501224,displacement_cc,Ec (cm3),mapped,INTEGER,1.1,311,99.3
2017,built,F,discodata,137182,112483,14501224,power_kw,Ep (KW),mapped,INTEGER,28.8,356,76.1
2017,built,F,discodata,137182,112483,14501224,co2_wltp,Ewltp (g/km),mapped,INTEGER,99.6,101,0.0
2017,built,F,discodata,137182,112483,14501224,co2_nedc,Enedc (g/km),mapped,INTEGER,0.4,305,100.0
2017,built,F,discodata,137182,112483,14501224,wheelbase_mm,W (mm),mapped,INTEGER,0.0,564,100.0
2017,built,F,discodata,137182,112483,14501224,mass_running_order_kg,M (kg),mapped,INTEGER,0.1,1745,100.0
2017,built,F,discodata,137182,112483,14501224,energy_wh_km,Z (Wh/km),mapped,INTEGER,98.2,82,1.3
2017,built,F,discodata,137182,112483,14501224,electric_range_km,,absent,—,100.0,0,0.0
2017,built,F,discodata,137182,112483,14501224,fuel_consumption_l_100km,Fc,empty,—,100.0,0,0.0
2017,built,F,discodata,137182,112483,14501224,year,Year,mapped,INTEGER,0.0,1,100.0
2018,built,F,discodata,212726,178917,13639438,make,Mk,mapped,TEXT,0.0,56,100.0
2018,built,F,discodata,212726,178917,13639438,model,Cn,mapped,MIXED,0.2,11411,100.0
2018,built,F,discodata,212726,178917,13639438,type_approval,T,mapped,MIXED,0.4,923,99.9
2018,built,F,discodata,212726,178917,13639438,variant,Va,mapped,MIXED,0.5,6377,100.0
2018,built,F,discodata,212726,178917,13639438,version,Ve,mapped,MIXED,0.5,20246,100.0
2018,built,F,discodata,212726,178917,13639438,fuel,Ft,mapped,TEXT,0.3,19,99.8
2018,built,F,discodata,212726,178917,13639438,fuel_mode,Fm,mapped,MIXED,0.0,6,100.0
2018,built,F,discodata,212726,178917,13639438,displacement_cc,Ec (cm3),mapped,INTEGER,0.7,294,99.0
2018,built,F,discodata,212726,178917,13639438,power_kw,Ep (KW),mapped,INTEGER,15.7,286,86.4
2018,built,F,discodata,212726,178917,13639438,co2_wltp,Ewltp (g/km),mapped,INTEGER,42.4,341,30.4
2018,built,F,discodata,212726,178917,13639438,co2_nedc,Enedc (g/km),mapped,INTEGER,0.9,320,99.9
2018,built,F,discodata,212726,178917,13639438,wheelbase_mm,W (mm),mapped,INTEGER,0.5,508,100.0
2018,built,F,discodata,212726,178917,13639438,mass_running_order_kg,M (kg),mapped,INTEGER,0.0,1826,100.0
2018,built,F,discodata,212726,178917,13639438,energy_wh_km,Z (Wh/km),mapped,INTEGER,98.5,139,2.3
2018,built,F,discodata,212726,178917,13639438,electric_range_km,,absent,—,100.0,0,0.0
2018,built,F,discodata,212726,178917,13639438,fuel_consumption_l_100km,Fc,empty,—,100.0,0,0.0
2018,built,F,discodata,212726,178917,13639438,year,Year,mapped,INTEGER,0.0,1,100.0
2019,built,F,discodata,272760,248545,14273505,make,Mk,mapped,TEXT,0.0,61,100.0
2019,built,F,discodata,272760,248545,14273505,model,Cn,mapped,MIXED,0.2,9056,100.0
2019,built,F,discodata,272760,248545,14273505,type_approval,T,mapped,MIXED,0.2,1801,100.0
2019,built,F,discodata,272760,248545,14273505,variant,Va,mapped,MIXED,1.9,6279,99.9
2019,built,F,discodata,272760,248545,14273505,version,Ve,mapped,MIXED,1.9,23645,99.9
2019,built,F,discodata,272760,248545,14273505,fuel,Ft,mapped,TEXT,0.0,11,100.0
2019,built,F,discodata,272760,248545,14273505,fuel_mode,Fm,mapped,TEXT,0.1,7,100.0
2019,built,F,discodata,272760,248545,14273505,displacement_cc,Ec (cm3),mapped,INTEGER,0.7,293,97.7
2019,built,F,discodata,272760,248545,14273505,power_kw,Ep (KW),mapped,INTEGER,13.9,322,87.4
2019,built,F,discodata,272760,248545,14273505,co2_wltp,Ewltp (g/km),mapped,INTEGER,9.5,370,96.7
2019,built,F,discodata,272760,248545,14273505,co2_nedc,Enedc (g/km),mapped,INTEGER,0.6,379,100.0
2019,built,F,discodata,272760,248545,14273505,wheelbase_mm,W (mm),mapped,INTEGER,1.5,417,99.9
2019,built,F,discodata,272760,248545,14273505,mass_running_order_kg,M (kg),mapped,INTEGER,0.0,1846,100.0
2019,built,F,discodata,272760,248545,14273505,energy_wh_km,Z (Wh/km),mapped,INTEGER,98.3,187,3.4
2019,built,F,discodata,272760,248545,14273505,electric_range_km,,absent,—,100.0,0,0.0
2019,built,F,discodata,272760,248545,14273505,fuel_consumption_l_100km,Fc,empty,—,100.0,0,0.0
2019,built,F,discodata,272760,248545,14273505,year,Year,mapped,INTEGER,0.0,1,100.0
2020,built,F,discodata,259740,237352,10943487,make,Mk,mapped,TEXT,0.0,66,100.0
2020,built,F,discodata,259740,237352,10943487,model,Cn,mapped,MIXED,0.7,8921,99.9
2020,built,F,discodata,259740,237352,10943487,type_approval,T,mapped,MIXED,0.2,1470,100.0
2020,built,F,discodata,259740,237352,10943487,variant,Va,mapped,MIXED,1.4,5399,99.9
2020,built,F,discodata,259740,237352,10943487,version,Ve,mapped,MIXED,2.0,27149,99.9
2020,built,F,discodata,259740,237352,10943487,fuel,Ft,mapped,TEXT,0.0,13,100.0
2020,built,F,discodata,259740,237352,10943487,fuel_mode,Fm,mapped,TEXT,0.0,6,100.0
2020,built,F,discodata,259740,237352,10943487,displacement_cc,Ec (cm3),mapped,INTEGER,1.0,302,94.1
2020,built,F,discodata,259740,237352,10943487,power_kw,Ep (KW),mapped,INTEGER,10.0,335,89.8
2020,built,F,discodata,259740,237352,10943487,co2_wltp,Ewltp (g/km),mapped,INTEGER,2.4,391,99.8
2020,built,F,discodata,259740,237352,10943487,co2_nedc,Enedc (g/km),mapped,INTEGER,0.5,382,100.0
2020,built,F,discodata,259740,237352,10943487,wheelbase_mm,W (mm),mapped,INTEGER,1.6,416,99.9
2020,built,F,discodata,259740,237352,10943487,mass_running_order_kg,M (kg),mapped,INTEGER,0.1,1830,100.0
2020,built,F,discodata,259740,237352,10943487,energy_wh_km,Z (Wh/km),mapped,INTEGER,97.2,250,9.5
2020,built,F,discodata,259740,237352,10943487,electric_range_km,,absent,—,100.0,0,0.0
2020,built,F,discodata,259740,237352,10943487,fuel_consumption_l_100km,Fc,empty,—,100.0,0,0.0
2020,built,F,discodata,259740,237352,10943487,year,Year,mapped,INTEGER,0.0,1,100.0
2021,built,F,discodata,284061,181847,9212221,make,Mk,mapped,TEXT,0.0,68,100.0
2021,built,F,discodata,284061,181847,9212221,model,Cn,mapped,MIXED,0.2,5186,99.9
2021,built,F,discodata,284061,181847,9212221,type_approval,T,mapped,MIXED,0.2,1311,100.0
2021,built,F,discodata,284061,181847,9212221,variant,Va,mapped,MIXED,1.5,4897,99.8
2021,built,F,discodata,284061,181847,9212221,version,Ve,mapped,MIXED,1.9,26306,99.8
2021,built,F,discodata,284061,181847,9212221,fuel,Ft,mapped,TEXT,0.0,11,100.0
2021,built,F,discodata,284061,181847,9212221,fuel_mode,Fm,mapped,TEXT,0.0,6,100.0
2021,built,F,discodata,284061,181847,9212221,displacement_cc,Ec (cm3),mapped,INTEGER,2.6,267,90.5
2021,built,F,discodata,284061,181847,9212221,power_kw,Ep (KW),mapped,INTEGER,4.8,343,98.5
2021,built,F,discodata,284061,181847,9212221,co2_wltp,Ewltp (g/km),mapped,INTEGER,1.8,396,99.9
2021,built,F,discodata,284061,181847,9212221,co2_nedc,Enedc (g/km),mapped,INTEGER,95.4,37,16.5
2021,built,F,discodata,284061,181847,9212221,wheelbase_mm,W (mm),mapped,INTEGER,1.7,419,99.9
2021,built,F,discodata,284061,181847,9212221,mass_running_order_kg,M (kg),mapped,INTEGER,0.0,1774,100.0
2021,built,F,discodata,284061,181847,9212221,energy_wh_km,Z (Wh/km),mapped,INTEGER,94.7,256,18.2
2021,built,F,discodata,284061,181847,9212221,electric_range_km,,absent,—,100.0,0,0.0
2021,built,F,discodata,284061,181847,9212221,fuel_consumption_l_100km,Fc,mapped,REAL,19.8,164,82.5
2021,built,F,discodata,284061,181847,9212221,year,Year,mapped,INTEGER,0.0,1,100.0
2022,built,P,discodata,337291,174053,8614200,make,Mk,mapped,TEXT,0.0,134,100.0
2022,built,P,discodata,337291,174053,8614200,model,Cn,mapped,MIXED,2.9,7552,98.4
2022,built,P,discodata,337291,174053,8614200,type_approval,T,mapped,MIXED,0.3,1513,100.0
2022,built,P,discodata,337291,174053,8614200,variant,Va,mapped,MIXED,1.2,4917,99.8
2022,built,P,discodata,337291,174053,8614200,version,Ve,mapped,MIXED,2.6,22769,99.7
2022,built,P,discodata,337291,174053,8614200,fuel,Ft,mapped,TEXT,0.0,11,100.0
2022,built,P,discodata,337291,174053,8614200,fuel_mode,Fm,mapped,TEXT,0.0,6,100.0
2022,built,P,discodata,337291,174053,8614200,displacement_cc,Ec (cm3),mapped,INTEGER,3.3,276,87.1
2022,built,P,discodata,337291,174053,8614200,power_kw,Ep (KW),mapped,INTEGER,0.5,359,99.7
2022,built,P,discodata,337291,174053,8614200,co2_wltp,Ewltp (g/km),mapped,INTEGER,1.2,368,99.9
2022,built,P,discodata,337291,174053,8614200,co2_nedc,Enedc (g/km),mapped,INTEGER,93.6,39,15.7
2022,built,P,discodata,337291,174053,8614200,wheelbase_mm,W (mm),mapped,INTEGER,1.5,466,99.9
2022,built,P,discodata,337291,174053,8614200,mass_running_order_kg,M (kg),mapped,INTEGER,0.0,2021,100.0
2022,built,P,discodata,337291,174053,8614200,energy_wh_km,Z (Wh/km),mapped,INTEGER,90.9,264,22.0
2022,built,P,discodata,337291,174053,8614200,electric_range_km,,absent,—,100.0,0,0.0
2022,built,P,discodata,337291,174053,8614200,fuel_consumption_l_100km,Fc,mapped,REAL,16.2,196,82.5
2022,built,P,discodata,337291,174053,8614200,year,Year,mapped,INTEGER,0.0,1,100.0
2025,stopped,P,datahub_csv,,,,,,,,,,
